<?xml version="1.0" encoding="UTF-8"?><Profil Name="RS-97">
	<General>
		<Source_Image>RS-97.jpg</Source_Image>
		<UpperCase>True</UpperCase>
		<Mix>False</Mix>
		<Target_Image_Extension>png</Target_Image_Extension>
		<Target_Image_Width>128</Target_Image_Width>
		<Target_Image_Height>128</Target_Image_Height>
		<Research>*.32x;*.a26;*.a78;*.bin;*.cbn;*.ccd;*.cdi;*.chd;*.col;*.cso;*.cue;*.d64;*.do;*.dos;*.dsk;*.exe;*.fba;*.fds;*.gb;*.gba;*.gbc;*.gc;*.gcz;*.gdi;*.gen;*.gg;*.img;*.iso;*.lnx;*.lua;*.lutro;*.md;*.mgd;*.mgw;*.moonlight;*.mx1;*.mx2;*.n64;*.nes;*.ngc;*.ngp;*.nib;*.p;*.pbp;*.pc;*.pce;*.po;*.rom;*.rzx;*.scl;*.scummvm;*.sfc;*.sg;*.sgx;*.smc;*.smd;*.sms;*.st;*.stx;*.t64;*.tap;*.trd;*.tzx;*.v64;*.vb;*.vec;*.wad;*.wbfs;*.ws;*.wsc;*.x64;*.z64;*.z80;*.zip;*.zx80||</Research>
	</General>
	<DefaultAutoConf>
		<Source_RootPath>G:\roms</Source_RootPath>
		<Target_XMLName>%Source_RootPath%\%system%\previews\gamelist.xml</Target_XMLName>
		<Target_RomPath>./</Target_RomPath>
		<Source_ImagePath>%Source_RootPath%\%system%\previews</Source_ImagePath>
		<Target_ImagePath>./previews/</Target_ImagePath>
	</DefaultAutoConf>
	<AutoConf>
		<Source_RootPath>G:\roms</Source_RootPath>
		<Target_XMLName>%Source_RootPath%\%system%\previews\gamelist.xml</Target_XMLName>
		<Target_RomPath>./</Target_RomPath>
		<Source_ImagePath>%Source_RootPath%\%system%\previews</Source_ImagePath>
		<Target_ImagePath>./previews/</Target_ImagePath>
	</AutoConf>
	<Root>
		<Source_Value>Data</Source_Value>
		<Target_Value>gameList</Target_Value>
	</Root>
	<Game>
		<Source_Value>game</Source_Value>
		<Target_Value>game</Target_Value>
	</Game>
	<Country>
		<Source_Value>Data/jeu/regionshortnames/regionshortname</Source_Value>
	</Country>
	<Element Type="RomPath">
		<Source_Type>Variable_Value</Source_Type>
		<Source_Value>%XML_Rom_Path%</Source_Value>
		<Target_Type>XML_Attribute</Target_Type>
		<Target_Attribute_Name>path</Target_Attribute_Name>
		<Target_Value>game</Target_Value>
	</Element>
	<Element Type="Picture">
		<Source_Type>XML_Download</Source_Type>
		<Source_Download_Path>%Local_Path_File%</Source_Download_Path>
		<Source_Download_Tag></Source_Download_Tag>
		<Source_Download_Ext>jpg</Source_Download_Ext>
		<Source_Value>Data/jeu/medias/media_screenshot</Source_Value>
		<Target_Type>XML_Attribute</Target_Type>
		<Target_Attribute_Name>preview</Target_Attribute_Name>
		<Target_Value>game</Target_Value>
	</Element>
	<Element Type="RomExcluded">
		<Source_Type>Variable_Value</Source_Type>
		<Source_Value>%AutoExclude%</Source_Value>
		<AutoExcludeEXT>bin|img|iso|ccd|sub|wav</AutoExcludeEXT>
		<AutoExcludeValue>(Track |[Bios]|(Bios)</AutoExcludeValue>
	</Element>
	<Options>
		<Option>
			<Option_Group>Media</Option_Group>
			<Option_Condition>None</Option_Condition>
			<Option_Name>MediaType</Option_Name>
			<Type>Picture</Type>
			<NodeName>Source_Type</NodeName>
			<Source_Value_Option Name="SimpleMedia" Desc="The Game Screenshot">XML_Download</Source_Value_Option>
			<Source_Value_Option Name="MixMedia" Desc="The Game Screenshot">MIX_Template</Source_Value_Option>
		</Option>
		<Option>
			<Option_Group>Media</Option_Group>
			<Option_Condition Value="XML_Download">Profil/Element[@Type = "Picture"]/Source_Type</Option_Condition>
			<Option_Name>Separator</Option_Name>
		</Option>
		<Option>
			<Option_Group>Media</Option_Group>
			<Option_Condition Value="XML_Download">Profil/Element[@Type = "Picture"]/Source_Type</Option_Condition>
			<Option_Name>DefaultPicture</Option_Name>
			<Type>Picture</Type>
			<NodeName>Source_Value</NodeName>
			<Source_Value_Option Name="Screenshot" Desc="The Game Screenshot">Data/jeu/medias/media_screenshot</Source_Value_Option>
			<Source_Value_Option Name="Box2D" Desc="The Box Front in 2D">Data/jeu/medias/media_boxs/media_boxs2d/media_box2d_%COUNTRY%</Source_Value_Option>
			<Source_Value_Option Name="Box3D" Desc="The Box Front and Side in 3D">Data/jeu/medias/media_boxs/media_boxs3d/media_box3d_%COUNTRY%</Source_Value_Option>
			<Source_Value_Option Name="BoxTexture" Desc="The Box Back, Side and Front">Data/jeu/medias/media_boxs/media_boxstexture/media_boxtexture_%COUNTRY%</Source_Value_Option>
			<Source_Value_Option Name="Support2D" Desc="The Media in 2D">Data/jeu/medias/media_supports/media_supports2d/media_support2d_%COUNTRY%</Source_Value_Option>
			<Source_Value_Option Name="SupportTexture" Desc="The Media Label">Data/jeu/medias/media_supports/media_supportstexture/media_supporttexture_%COUNTRY%</Source_Value_Option>
			<Source_Value_Option Name="Fanart" Desc="Big Fanart representing the game">Data/jeu/medias/media_fanart</Source_Value_Option>
			<Source_Value_Option Name="Wheels" Desc="The game Logo">Data/jeu/medias/media_wheels/media_wheel_%COUNTRY%</Source_Value_Option>
			<Source_Value_Option Name="WheelsCarbon" Desc="The game Logo in a Carbon Wheel">Data/jeu/medias/media_wheelscarbon/media_wheelcarbon_%COUNTRY%</Source_Value_Option>
			<Source_Value_Option Name="WheelsSteel" Desc="The game Logo in a Steel Wheel">Data/jeu/medias/media_wheelssteel/media_wheelsteel_%COUNTRY%</Source_Value_Option>
		</Option>
	</Options>
</Profil>